BDCHM Element	Variable Label	var_name	status	Data Type	UCUM Unit	Ontology CURIE	OMOP Concept ID	Deprecated Codes	Variable Description
MeasurementObservation	8-epi-PGF2a in urine	isoprostane_8_epi_pgf2a		decimal	pg/mL	OBA:2100046	OMOP:3011888		Concentration of 8-epi-prostaglandin F2 alpha in urine
MeasurementObservation	Activity LP-PLA2 in blood	lppla2_act		decimal	nmol/min/mL	OBA:2100055	OMOP:36305170		Measurement of the activity of the Lp-PLA2 (lipoprotein-associated phospholipase A2) enzyme in serum or plasma.
MeasurementObservation	AHI Apnea-Hypopnea Index	apnea_hypop_index		decimal	/h		OMOP:37396400		Measurement used to diagnose and assess the severity of sleep apnea. It is calculated by counting the number of apneas and hypopneas that occur per hour of sleep.
MeasurementObservation	Albumin creatinine ratio in urine	albumin_creatinine		decimal	mg/g{creat}	OBA:2100053	OMOP:4154347		Measurement of the ratio of albumin to creatinine in urine. Also known as uACR.
MeasurementObservation	Albumin in blood	albumin_bld		decimal	g/dL	OBA:2050068	OMOP:2212186		Measurement of albumin in blood serum
MeasurementObservation	Albumin in urine	albumin_urine		decimal	mg/L	OBA:VT0002871	OMOP:2212188		Concentration of albumin in urine
MeasurementObservation	Alcohol Consumption	alcohol_servings		integer	{#}/wk		OMOP:35609491		Servings of alcohol consumed per week
MeasurementObservation	ALT SGPT	alt_sgpt		decimal	[IU]/L	OBA:2050062	OMOP:4146380		Concentration of ALT/SGPT in the blood. ALT, or alanine transaminase, is the same as SGPT, which stands for serum glutamic-pyruvic transaminase. Typically measured in serum or plasma.
Condition	Angina	angina		Uriorcurie			OMOP:321318		
DrugExposure	Aspirin	aspirin		Uriorcurie			OMOP:1112807		
MeasurementObservation	AST SGOT	ast_sgot		decimal	[IU]/L	OBA:2100047	OMOP:4263457		Concentration of AST/SGOT in blood. AST (aspartate aminotransferase), also known as SGOT (Serum Glutamic Oxaloacetic Transaminase), is typically measured in serum or plasma.
Condition	Asthma	asthma		Uriorcurie			OMOP:4308356		
Condition	Atrial fibrillation	afib		Uriorcurie			OMOP:313217		
MeasurementObservation	Basophils Count	basophil_ncnc_bld		decimal	10*3/uL	OBA:VT0002607	OMOP:3006315		Concentration of basophil cells in whole blood
MeasurementObservation	Bilirubin Conjugated Direct	bilirubin_con		decimal	mg/dL		OMOP:44805650		Concentration of conjugated (or direct) bilirubin in blood, typically measured in serum or plasma
MeasurementObservation	Bilirubin Total	bilirubin_tot		decimal	mg/dL		OMOP:4230543		Concentration of total bilirubin in blood, typically measured in serum or plasma
MeasurementObservation	BMI	bmi		decimal	kg/m2	OBA:2045455	OMOP:3038553		Also known as body mass index: ratio of a person's weight in kilos to the square of their height in meters
MeasurementObservation	BNP	bnp		decimal	pg/mL	OBA:2100274	OMOP:3031569		Concentration of BNP in blood, typically measured in plasma or whole blood. Also known as B-type natriuretic peptide, a hormone.
MeasurementObservation	Body weight	bdy_wgt		decimal	kg	OBA:VT0001259	OMOP:4099154		Mass of a person or other organism
MeasurementObservation	BUN	bun		decimal	mg/dL	OBA:VT0005265	OMOP:4017361		Concentration of blood urea nitrogen in blood, typically measured in serum or plasma
MeasurementObservation	BUN Creatinine ratio	bun_creatinine		decimal	{ratio}	OBA:2100054	OMOP:4112223		Ratio of blood urea nitrogen (BUN) to creatinine in blood, typically measured in serum or plasma
MeasurementObservation	CRP c-reactive protein	crp		decimal	mg/L		OMOP:4208414		Concentration of c-reactive protein (CRP) in blood, typically measured in serum or plasma
MeasurementObservation	CAC Score	cac_score		decimal	{score}		OMOP:42872742		The Coronary Artery Calcium Score is a measure of the amount of calcium in the arteries of the heart. Measured from a CT Scan.
MeasurementObservation	CAC volume	cac_volume		decimal			OMOP:4166120		Volume of coronary artery calcium in the arteries of the heart. Measured by CT Scan.
Condition	Cardiovascular disease	cvd		Uriorcurie			OMOP:134057		
MeasurementObservation	Carotid IMT	carotid_imt		decimal	mm	OBA:2090004	OMOP:4138462		Carotid intima-media thickness (IMT) measures the thickness of the inner two layers (intima and media layers) of the carotid artery walls - there are many ways to take this measurement
Condition	Carotid plaque	carotid_plaque		Uriorcurie			OMOP:4102124		
MeasurementObservation	Carotid stenosis left	carotid_sten_left		decimal	%		OMOP:43020498		
MeasurementObservation	Carotid stenosis right	carotid_sten_right		decimal	%		OMOP:43021859		
Person	Cause of death	cause_of_death		Uriorcurie			OMOP:4083743		
MeasurementObservation	CD40 in blood	cd40		decimal	pg/mL	OBA:2052305		OMOP:4209737	Concentration of CD40 (Cluster of differentiation antigen 40) in blood, typically measured in serum or plasma
MeasurementObservation	CESD score	cesd_score		integer	{score}		OMOP:36303297		Score from a self-report questionnaire, the CES-D (Center for Epidemiological Studies Depression Scale)
MeasurementObservation	Chloride in blood	chloride_bld		decimal	mmol/L	OBA:VT0003018	OMOP:4188066		Concentration of chloride in blood, also known as serum chloride
Observation	Cigarette smoking	cig_smok		SmokingStatusObservationTypeEnum			OMOP:35811013	OMOP:4282779	Cigarette smoking status - Does not include other forms of tobacco use like pipes or chewing tobacco
Condition	COPD status	copd		Uriorcurie			OMOP:44788836		
MeasurementObservation	Creatinine in blood	creat_bld		decimal	mg/dL	OBA:2050096	OMOP:2212294		Concentration of creatinine in blood, typically measured in serum or plasma
MeasurementObservation	Creatinine in urine	creat_urin		decimal	mg/dL	OBA:VT0010540	OMOP:3007081		Concentration of creatinine in a sample of urine
MeasurementObservation	Cystatin C in blood	cysc_bld		decimal	mg/L	OBA:2052375	OMOP:4136584		Concentration of cystatin C in blood, typically measured in serum or plasma
MeasurementObservation	D-Dimer	d_dimer		decimal	ug/mL	OBA:2100048	OMOP:37393605		Concentration of D-dimer in blood, can be measured in whole blood or plasma
Person	Death	death_stat		VitalStatusEnum					
Condition	Diabetes	diabetes		Uriorcurie			OMOP:201820		
MeasurementObservation	Diastolic blood pressure	bp_diastolic		decimal	mm[Hg]		OMOP:4154790		Measurement of pressure in your arteries when your heart is at rest between beats, the bottom number in a blood pressure reading
MeasurementObservation	E-selectin in blood	eselectin		decimal	ng/mL	OBA:2052778	OMOP:3010372		Concentration of E-selectin in blood, typically measured in serum or plasma
SdohObservation	Education level	edu_lvl		EducationalAttainmentObservationTypeEnum			OMOP:4022643		Highest level of education that an individual has completed
MeasurementObservation	EGFR	egfr		decimal	mL/min/{1.73_m2}		OMOP:37208635		Stands for estimated glomerular filtration rate - calculated from creatinine concentration, age, sex, and body size.
MeasurementObservation	Eosinophils count	eosinophil_ncnc_bld		decimal	10*3/uL	OBA:VT0002602	OMOP:3013115		Concentration of eosinophil cells in whole blood
Demography	Ethnicity	ethnicity		EthnicityEnum			OMOP:44803968		A person's cultural heritage or ancestry
MeasurementObservation	Factor VII	factor_7		decimal	%{Normal}	OBA:2041535	OMOP:4217630		Concentration of Factor VII in blood, typically measured in plasma. Also known as FVII and proconvertin
MeasurementObservation	Factor VIII	factor_8		decimal	[IU]/mL	OBA:2041536	OMOP:4148587		Measure of the amount of FVIII activity in a volume of plasma
Condition	Family history of stroke	fam_stroke		Uriorcurie			OMOP:4169009		
SdohObservation	Family income	fam_income			USD		OMOP:4076114		The sum of the income of all family members 15 years and older living in the household over 12 months, before taxes
MeasurementObservation	Fasting blood glucose	fast_gluc_bld		decimal	mg/dL	OBA:2090000	OMOP:4156660		Concentration of glucose in blood after not eating or drinking (except water) for a set period, typically 8-12 hours
MeasurementObservation	Ferritin	ferritin		decimal	ng/mL	OBA:VT0010513	OMOP:4176561		Concentration of ferritin in blood, typically measured in serum or plasma
MeasurementObservation	FEV1 - Forced Expiratory Volume in 1 sec	fev1		decimal	L		OMOP:4241837		Volume of air a person can exhale forcefully in one second, measured before the administration of bronchodilator medication
MeasurementObservation	FEV1 FVC	fev1_fvc		decimal	%		OMOP:3011505		Ratio of the volume of air a person can exhale forcefully in one second (FEV1) to the total volume of air a person can exhale from their lungs after taking the deepest possible breath and then exhaling as forcefully and as completely as possible (FVC), measured before the administration of bronchodilator medication
MeasurementObservation	Fibrinogen	fibrin		decimal	mg/dL	OBA:0000061	OMOP:4094436		Concentration of fibrinogen in blood, typically measured in plasma
MeasurementObservation	Fruit consumption	fruit_serving		integer	{#}/wk		OMOP:21493059		Servings of fruits consumed per week (includes fruit and fruit juice)
MeasurementObservation	FVC - Forced Vital Capacity	fvc		decimal	L		OMOP:4176265		Total volume of air a person can exhale from their lungs after taking the deepest possible breath and then exhaling as forcefully and as completely as possible, measured before the administration of bronchodilator medication
MeasurementObservation	GFR	gfr		decimal	mL/min/{1.73_m2}	OBA:0003747	OMOP:4213477		Stands for glomerular filtration rate: a measure of how much blood passes through the glomeruli
MeasurementObservation	Glucose in blood	glucose_bld		decimal	mg/dL	OBA:VT0000188	OMOP:4149519		Concentration of glucose in blood, can be measured in whole blood, serum, or plasma
MeasurementObservation	HDL	hdl		decimal	mg/dL	OBA:VT0000184	OMOP:4076704		Concentration of high-density lipoprotein (HDL) in blood, typically measured in serum
MeasurementObservation	Heart rate	hrtrt		integer	{beats}/min	OBA:1001087	OMOP:3027018		Number of times a heart beats per minute - also known as pulse rate
MeasurementObservation	Height	bdy_hgt		decimal	cm	OBA:VT0001253	OMOP:607590		Measure of the vertical distance of a standing person from head to foot
MeasurementObservation	Hematocrit	hemat		decimal	%	OBA:2045381	OMOP:4151358		The percentage of whole blood volume that consists of red blood cells - also known as packed cell volume (PCV)
MeasurementObservation	Hemoglobin	hemo		decimal	g/dL	OBA:2060175	OMOP:4094758		Concentration of hemoglobin (Hb) in whole blood
MeasurementObservation	Hemoglobin A1c	hemo_a1c		decimal	%	OBA:2100049	OMOP:4184637		Percentage of hemoglobin in your red blood cells that has glucose attached to it. Also known as HbA1c
MeasurementObservation	Hip circumference	hip_circ		decimal	cm	OBA:1000032	OMOP:4111665		Distance measurement taken around the fullest part of the hips
Condition	History of cardiovascular disease	hist_cvd		Uriorcurie			OMOP:134057		
Procedure	History of coronary angioplasty	hist_cor_angio		Uriorcurie			OMOP:4184832		
Procedure	History of coronary artery bypass graft	hist_cor_bypg		Uriorcurie			OMOP:4336464		
Condition	History of heart disease	hist_hrtdis		Uriorcurie			OMOP:321588		
Condition	History of heart failure	hist_hrtfail		Uriorcurie			OMOP:316139		
Condition	History of myocardial infarction	hist_my_inf		Uriorcurie			OMOP:1340204		
Condition	Hypertension	hyperten		Uriorcurie			OMOP:320128		
DrugExposure	Hypertension treatment	hypert_trt		Uriorcurie			OMOP:4015732		
MeasurementObservation	ICAM1 in blood	icam		decimal	ng/mL		OMOP:4284103		Concentration of Intercellular adhesion molecule 1 (ICAM-1) in blood, typically measured in serum or plasma
MeasurementObservation	Insulin in blood	insulin_blood		decimal	pmol/L	OBA:2060174	OMOP:4060873		Concentration of insulin in blood, typically measured in serum or plasma
MeasurementObservation	Interleukin 18 in blood	il18		decimal	pg/mL		OMOP:3043144		
MeasurementObservation	Interleukin 1 beta in blood	il1_beta		decimal	pg/mL	OBA:VT0008640	OMOP:3001804		Concentration of Interleukin-1 beta (IL-1β) in blood, typically measured in serum or plasma
MeasurementObservation	Interleukin 10 in blood	il10		decimal	pg/mL	OBA:VT0008590	OMOP:3004578		Concentration of Interleukin-1 beta (IL-10) in blood, typically measured in serum or plasma
MeasurementObservation	Interleukin 6 in blood	il6		decimal	pg/mL	OBA:2052890	OMOP:4332015		Concentration of Interleukin-1 beta (IL-6) in blood, typically measured in serum or plasma
MeasurementObservation	Lactate Dehydrogenase LDH	lactate_dehyd		decimal	[IU]/L	OBA:VT0010477	OMOP:4012918		Concentration of lactate dehydrogenase (LDH) in blood, typically in serum or plasma
MeasurementObservation	Lactate in blood	lactate_blood		decimal	mmol/L	OBA:VT0010616	OMOP:1246795		Concentration of lactate in blood, typically measured in whole blood or plasma
MeasurementObservation	LDL	ldl		decimal	mg/dL	OBA:VT0000181	OMOP:4331302		Concentration of low-density lipoprotein (LDL) in blood, typically measured in serum
Condition	LVH from EKG	lvh_ekg		Uriorcurie			OMOP:4065282		
MeasurementObservation	Lymphocytes count	lympho_ct		decimal	10*3/uL	OBA:VT0000717	OMOP:37208689		Concentration of lymphocytes in whole blood
MeasurementObservation	Lymphocytes percent	lympho_pct		decimal	%		OMOP:37208690		Percent of total leukocytes that are lymphocytes
MeasurementObservation	Mass LP-PLA2 in blood	lppla2_mass		decimal	ng/mL		OMOP:3041450		Concentration of Lp-PLA2 (lipoprotein-associated phospholipase A2) enzyme in serum or plasma.
MeasurementObservation	MCP1 in blood	mcp1		decimal	pg/mL	OBA:2052436	OMOP:1617307		Concentration of Monocyte Chemoattractant Protein-1 (MCP-1), also known as CCL2, in blood, typically in serum or plasma
MeasurementObservation	Mean arterial pressure	mn_art_pres		decimal	mm[Hg]	OBA:VT2000000	OMOP:37168599		Average pressure in your arteries throughout one complete cardiac cycle, also known as MAP
MeasurementObservation	Mean corpuscular hemoglobin	mch		decimal	pg/{cell}	OBA:2045301	OMOP:37398674		Average amount of hemoglobin in each red blood cell, also known as MCH
MeasurementObservation	Mean corpuscular hemoglobin concentration	mchc		decimal	g/dL		OMOP:37393850		Average concentration of hemoglobin within a single red blood cell, also known as MCHC
MeasurementObservation	Mean corpuscular volume	mcv		decimal	fL	OBA:0003460	OMOP:37393851		Average size/volume of a red blood cell, also known as MCV
MeasurementObservation	Mean platelet volume	pmv		decimal	fL	OBA:0003277	OMOP:37397923		Average size/volume of a platelet, also known as MPV
MeasurementObservation	MMP9 in blood	mmp9		decimal	ng/mL	OBA:2052397	OMOP:40761106		Concentration of Matrix Metalloproteinase-9 (MMP-9) in blood, typically measured in serum or plasma
MeasurementObservation	Monocytes count	monocyte_ncnc_bld		decimal	10*3/uL	OBA:VT0000223	OMOP:3001604		Concentration of monocyte cells in whole blood
MeasurementObservation	Myeloperoxidase in blood	mpo		decimal	ng/mL	OBA:2052389	OMOP:1988928		Concentration of Myeloperoxidase (MPO) in blood, typically measured in plasma or serum
MeasurementObservation	Neutrophils count	neutro_ct		decimal	10*3/uL	OBA:VT0000222	OMOP:37208699		Concentration of neutrophil cells in whole blood
MeasurementObservation	Neutrophils percent	neutro_pct		decimal	%{WBCs}		OMOP:37208698		Percent of total leukocytes that are neutrophils
MeasurementObservation	NT pro BNP	nt_bnp		decimal	pg/mL	OBA:2045349	OMOP:4189511		Concentration of NT-proBNP in blood, typically measured in serum or plasma. Also known as N-terminal prohormone of brain natriuretic peptide
Condition	Obesity	obesity		ConditionStatusEnum			OMOP:433736		
MeasurementObservation	Osteoprotegerin in blood	opg		decimal	ng/mL	OBA:2050271	OMOP:1552124		Concentration of Osteoprotegerin (OPG) in blood, typically measured in serum or plasma
MeasurementObservation	P-selectin in blood	pselectin		decimal	ng/mL	OBA:2052701	OMOP:3007356		Concentration of P-selectin in blood, typically measured in plasma
Procedure	Pacemaker implant status	pacem_stat		BaseEnum			OMOP:45772840		
Condition	Peripheral arterial disease	pad		Uriorcurie			OMOP:3654996		
MeasurementObservation	Platelet count	platelet_ct		decimal	10*3/uL	OBA:VT0003179	OMOP:4267147		Concentration of platelets in whole blood
MeasurementObservation	Potassium in blood	potassium		decimal	mmol/L	OBA:VT0002668	OMOP:4245152		Concentration of potassium in blood, typically measured in whole blood or serum
MeasurementObservation	PR interval	pr_ekg		decimal	ms		OMOP:4274406		Time it takes for electrical impulses to travel from the atria to the ventricles of the heart. Measured using ECG/EKG
MeasurementObservation	QRS interval	qrs_ekg		decimal	ms	OBA:1001086	OMOP:4273021		Time that elapses from the beginning of the Q wave to the end of the S wave. Measured using ECG/EKG
MeasurementObservation	QT interval	qt_ekg		decimal	ms		OMOP:4273023		Time it takes for the ventricles of the heart to depolarize and repolarize. Measured using ECG/EKG
Demography	Race	race		RaceEnum			OMOP:4013886		Self-reported category reflecting an individual's identity and social understanding of race in the United States
MeasurementObservation	Red blood cell count	rdbld_ct		decimal	10*6/uL	OBA:VT0001586	OMOP:4030871		Concentration of red blood cells in whole blood
MeasurementObservation	Red cell distribution width	rdw		decimal	%		OMOP:37397924		Measure of the variation in the size and volume of red blood cells, also known as RDW. SD or CV?
Demography	Sex	sex		SexEnum			OMOP:3046965		Self-reported category reflecting an individual's biological sex and/or gender identity
Condition	Sleep apnea status	slp_ap		Uriorcurie			OMOP:313459		
MeasurementObservation	Sleep hours	sleep_duration_daily		decimal	h	OBA:2040171	OMOP:40768653		Cumulative amount of time spent sleeping each night
MeasurementObservation	Sodium in blood	sodium_blood		decimal	mmol/L	OBA:VT0001776	OMOP:4097430		Concentration of sodium in blood, typically measured in serum or plasma
MeasurementObservation	Sodium intake	sodium_intak		decimal	mg/d		OMOP:606729		Mass of sodium consumed by an individual per day
MeasurementObservation	SpO2	spo2		decimal	%	OBA:2045443	OMOP:4020553		Percentage of oxygen-carrying hemoglobin in the blood compared to the total amount of hemoglobin. Also known as oxygen saturation.
Condition	Stroke status	stroke		Uriorcurie			OMOP:4212690		
MeasurementObservation	Systolic blood pressure	bp_systolic		integer			OMOP:3003205	OMOP:4152194	Measurement of pressure in your arteries when your heart pumps blood, the top number in a blood pressure reading
DrugExposure	Taking ACE inhibitors	tak_aceinhib		Uriorcurie					
DrugExposure	Taking aldosterone receptor blockers	tak_aldorecepblk		Uriorcurie					
DrugExposure	Taking alpha blockers	tak_alphablk		Uriorcurie					
DrugExposure	Taking angiotensin receptor blockers	tak_angiorecepblk		Uriorcurie					
DrugExposure	Taking beta blockers	tak_betablk		Uriorcurie					
DrugExposure	Taking calcium channel blockers	tak_calchanblk		Uriorcurie					
DrugExposure	Taking centrally acting agents	tak_cenactag		Uriorcurie					
DrugExposure	Taking diuretics	tak_diuret		Uriorcurie					
DrugExposure	Taking insulin	tak_insulin		Uriorcurie					
DrugExposure	Taking medication for diabetes	tak_med_diab		Uriorcurie					
DrugExposure	Taking non statin medication	tak_nstat_med		Uriorcurie					
DrugExposure	Taking oral hypoglycemic agents	tak_orlhypoag		Uriorcurie					
DrugExposure	Taking statin medication	tak_statin		Uriorcurie					
DrugExposure	Taking systemic steroids	tak_steroid		Uriorcurie					
DrugExposure	Taking vasodilators	tak_vasodil		Uriorcurie					
MeasurementObservation	Temperature	bdy_temp		decimal	Cel	OBA:VT0005535	OMOP:4302666		An individual's internal body temperature
MeasurementObservation	TNFa in blood	tnfa		decimal	pg/mL	OBA:2051979	OMOP:3004282		Concentration of TNF in blood, typically measured in serum or plasma. Also known as TNF-alpha, TNFα, and tumor necrosis factor
MeasurementObservation	TNFa-R1 in blood	tnfa_r1		decimal	pg/mL	OBA:2051975	OMOP:46235360		Concentration of TNF receptor 1 in blood, typically measured in serum or plasma. Also known as TNFR1, TNFRSF1A, CD120a, and tumor necrosis factor receptor 1
MeasurementObservation	Total cholesterol in blood	tot_chol_bld		decimal	mg/dL	OBA:VT0000180	OMOP:4008265		Concentration of all cholesterol in your blood, including both HDL and LDL
MeasurementObservation	Triglycerides in blood	triglyc_bld		decimal	mg/dL	OBA:VT0002644	OMOP:4032789		Concentration of triglycerides in blood, typically measured in serum or plasma
MeasurementObservation	Troponin all types	troponin		decimal	ng/mL	OBA:2100051	OMOP:4021291		Concentration of all types of troponin in blood
Condition	Valvular heart disease	valv_hrtdis		Uriorcurie			OMOP:4281749		
MeasurementObservation	Vegetable consumption	vege_serving		integer			OMOP:37311566	OMOP:4042886	Servings of vegetables consumed per week
Condition	Venous thromboembolism	ven_thromb		Uriorcurie			OMOP:4327889		
MeasurementObservation	Von Willebrand factor	willeb_fac		decimal	%{Normal}	OBA:2052741	OMOP:4252203		Concentration of von willebrand factor in blood
MeasurementObservation	Waist circumference	waist_circ		decimal	cm	OBA:1001085	OMOP:4172830		Distance measurement taken around the waist, just above the hip bone
MeasurementObservation	Waist-hip ratio	waist_hip		decimal	{ratio}	OBA:2100052	OMOP:4087501		Ratio of the circumference of the waist to the circumference of the hips
MeasurementObservation	White blood cell count	whtbld_ct		decimal	10*3/uL	OBA:VT0000217	OMOP:4298431		Concentration of white blood cells in whole blood
MeasurementObservation	Spirometry metadata		ignore				OMOP:3002094		
MeasurementObservation	Spirometry metadata		ignore				OMOP:3005600		
MeasurementObservation	Spirometry metadata		ignore				OMOP:3011708		
MeasurementObservation	Spirometry metadata		ignore				OMOP:3022891		
MeasurementObservation	Spirometry metadata		ignore				OMOP:3024594		
MeasurementObservation	Spirometry metadata		ignore				OMOP:4196583		